title,authors
(고미숙의) 몸과 인문학 :동의보감의 눈으로 세상을 보다,지은이: 고미숙
(공부머리 만드는) 그림책 놀이 일 년 열두 달 :호기심을 북돋는 그림책 대화에서 읽기 능력 키우는 그림책 놀이까지,"박형주,김지연 지음"
(김대식의) 인간 vs 기계 :인공지능이란 무엇인가,지은이: 김대식
(닥치는 대로 끌리는 대로 오직 재미있게) 이동진 독서법,이동진 지음
(단 한 권을 읽어도 제대로 남는) 메모 독서법,신정철 지음
(비됴클래스 하줜의) 유튜브 동영상 편집 :초보자도 쉽게! 유튜버를 위한 프리미어 프로 필수 기능과 활용법 25가지,하지원 지음
(비전공자도 이해할 수 있는) AI 지식,박상길 지음 ;정진호 그림
(비전공자를 위한 이해할 수 있는) IT 지식,최원영 지음
(언어천재 조승연의) 이야기 인문학,조승연 지음
(우리아이) 낭독혁명 :독서독립 / 공부독립 / 마음의 힘,"고영성,김선 지음"
(질문으로 시작하는) 초등 인문학,"오늘,이형진 그림"
(최진기의) 교실밖 인문학 :소크라테스부터 한나 아렌트까지,"최진기,서선연 지음"
(쿠키런 킹덤) 퀴즈 원정대 :교과 상식 퀴즈 스토리북,글: 최재훈 ;그림: 팀키즈
(퀴즈!) 과학상식 :황당 불량 과학,신혜영 지음
(크리에이터) 양띵의 어린이 유튜브 스타,"글: 양띵,그림: 김정한"
(허팝) 호기심 상식,글: 박은혜 ;그림: 이태영
Why? 3D 프린팅,글: 조영선 ;만화: 이영호
Why? SNS =소셜 네트워크 서비스,글: 조영선 ;그림: 이영호
Why? 漢字 이야기,글: 조영선 ;그림: 이영호
Why? 가상 현실 증강 현실,글: 조영선 ;만화: 이영호
Why? 고대문명,글: 전재운 ;그림: 박종성
Why? 국가 =Politeia,원전엮음: 김주원 ;그림: 정석호
Why? 국가와 국기,글: 전재운 ;그림: 이종원
Why? 국부론 =(The) Wealth of nations,원전엮음: 김도연 ;그림: 이영호
Why? 국제기구,글쓴이: 조영선 ;그린이: 이영호
Why? 국화와 칼 =(The) chrysanthemum and the sword,원전엮음: 최유리 ;그림: 송회석
Why? 군주론 =Il principe,원전엮음: 최유리 ;그림: 송회석
Why? 논어,글구성: 조영선 ;그림: 이영호
Why? 문학,글쓴이: 조영선 ;그린이: 이영호
Why? 미술,글: 조영선 ;그림: 이영호
Why? 반려동물,글: 조영선 ;그림: 이영호
Why? 발표력,글: 박세준 ;그림: 박종성
Why? 법,글: 조영선 ;그림: 그림수레
Why? 빅데이터,글: 파피루스 ;만화: 유희석
Why? 사기,원전 엮음: 김주원 ;글구성·그림: 정석호
Why? 사이버 범죄,글쓴이: 박세준 ;그린이: 윤현우
Why? 삼국유사,원전엮음: 홍영주 ;그림: 송회석
Why? 세계 유산,글: 조영선 ;그림: 이영호
Why? 세계의풍속,글: 박세준 ;그림: 송회석
Why? 소프트웨어와 코딩,글: 조영선 ;만화: 이영호
Why? 수와 수학,글: 조영선 ;그림: 송회석
Why? 심리학,글: 조영선 ;그림: 그림수레
Why? 언어와 문자,글: 조영선 ;그림: 이영호
Why? 영화,글: 박세준 ;그림: 윤남선
Why? 오폐라와 뮤지컬,글: 박세준 ;그림: 한종천
Why? 옷과 패션,원안: 이재일 ;그린이: 이항선
Why? 외계인과 UFO,글: 이광웅 ;만화: 송희석
Why? 유토피아 =Utopia,원전엮음: 남승현 ;그림: 윤남선
Why? 음식과 요리,글쓴이: 파피루스 ;그린이: 김강호
Why? 음악,글: 조영선 ;그림: 이영호
"Why? 자본주의 사회주의 민주주의 =Capitalism, socialism, and democracy",원전엮음: 남승현 ;그림: 윤남선
Why? 정치,글: 조영선 ;그림: 이영호
Why? 종의 기원 =The origin of species,원전엮음: 남승현 ;그림: 이준희
Why? 지리와 지도,글쓴이: 조영선 ;그린이: 이영호
Why? 집과 건축,글: 조영선 ;그림: 이영호
Why? 책과 인쇄술,글: 조영선 ;그림: 송회석
Why? 철학,글: 조영선 ;그림: 그림수레
Why? 컴퓨터 바이러스,글: 조영선 ;만화: 이영호
Why? 크리에이터,글쓴이: 조영선 ;그린이: 이영호
공부할 권리 :품위 있는 삶을 위한 인문학 선언,지은이: 정여울
그 집 아들 독서법 :사교육 중심지 대치동에서 '독서'로 살아남은 브릭 독서의 비밀,이지연 지음
나는 누구인가 :인문학 최고의 공부,"지은이: 강신주,최진석"
나는 어떻게 삶의 해답을 찾는가 :고명환의 독서 내공,지은이: 고명환
도서관 탐구 생활,사이토 히로시 글 ;김숙 옮김
도티&잠뜰 3D 프린터 :상상하여 출력하라!,글: 이봄 ;그림: 최대식
독서 천재가 된 홍대리,이지성 지음
독서 천재가 된 홍대리 :운명을 바꾸는 책 읽기 프로젝트,"이지성,정회일 지음"
된다! 김메주의 유튜브 영상 만들기 =예능 자막부터 비밀스러운 광고 수익까지! /Gotcha! Kim Mejoo's making Youtube contents,김혜주 지음
똑똑한 어린이를 위한 지식 백과 :세상 모든 게 궁금한 꼬마 지식인을 위한 길잡이,[편저: Sophia Danielsson-Waters] ;번역: 한정원
리딩으로 리드하라 =세상을 지배하는 0.1퍼센트의 인문고전 독서법 /Reading lead,이지성 지음
리딩으로 리드하라 =세상을 지배하는 0.1퍼센트의 인문고전 독서법 /Reading lead,이지성 지음
모두의 파이썬 =20일 만에 배우는 프로그래밍 기초 /Python for everyone,이승찬 지음
박태웅의 AI 강의 :인간의 뇌를 초월하는 새로운 지능의 모든 것,박태웅 지음
생각이 크는 인문학,"글: 김윤경,그림: 이진아"
생각하는 인문학 :5000년 역사를 만든 동서양 천재들의 사색공부법,지은이: 이지성
시크릿 코더,진 루엔 양 글 ;임백준 옮김
"아들 셋 엄마의 돈 되는 독서 :돈도, 시간도 없지만 궁색하게 살긴 싫었다",김유라 지음
어떻게 읽을 것인가 :'모든 읽기'에 최고의 지침서,고영성 지음
어린이 인문학 여행,노경실 지음
어쩌다 어른 :OtvN 프리미엄 특강쇼,<어쩌다 어른> 제작팀 지음
"엄마의 독서 :현재진행형, 엄마의 자리를 묻다",정아은 지음
에디톨로지 =창조는 편집이다 /Editology,김정운 지음
유시민의 공감필법,지은이: 유시민
인간이 그리는 무늬 :욕망하는 인문적 통찰의 힘,최진석 지음
자두의 독서 일기장 :안녕 자두야 독서왕이 되고 싶다고?,캐릭터 원작: 이빈 ;그림: 최호정
자두의 호기심 일기장 :안녕 자두야 뭐가 그리 궁금하니?,캐릭터 원작: 이빈 ;그림: 김화미
지식ⓔ,지은이: EBS〈지식채널ⓔ> 제작팀
책 잘 읽는 방법 :폼나게 재미나게 티나게 읽기,김봉진 지음
청춘의 독서 :세상을 바꾼 위험하고 위대한 생각들,유시민 지음
청춘의 독서 :세상을 바꾼 위험하고 위대한 생각들,유시민 지음
"초등 1학년 공부, 책읽기가 전부다",송재환 지음
초등 고전읽기 혁명 :내 아이가 고전에 빠져든다! 성장한다!,송재환 지음
초등 매일 독서의 힘 :'읽는 중학생'을 만드는 초등의 책 읽기,이은경 지음
쾌락독서 :개인주의자 문유석의 유쾌한 책 읽기,지은이: 문유석
크라센의 읽기 혁명,스티븐 크라센 [저] ;조경숙 옮김
팜 :기발한 상상력이 가득한 판타지 코딩과학동화,글: 홍지연 ;그림: 지문
팜 :기발한 상상력이 가득한 판타지 코딩과학동화,글: 홍지연 ;그림: 지문
팜 :기발한 상상력이 가득한 판타지 코딩과학동화,글: 홍지연 ;그림: 지문
팜 :기발한 상상력이 가득한 판타지 코딩과학동화,글: 홍지연 ;그림: 지문
혼자서도 할 수 있는 블로그 마케팅 :만들기/꾸미기/글쓰기/상위노출/방문자수 늘리기,지은이: 유성철
(고정욱 선생님이 들려주는) 다정한 말 단단한 말,고정욱 글 ;릴리아 그림
(나의 성격을 이해하고 더 멋진 내가 되는) 우리들의 MBTI,"글: 조수연,그림: 소윤"
(마흔에 읽는) 손자병법 :내 인생의 전환점,강상구 지음
(법륜 스님의) 행복 :행복해지고 싶지만 길을 몰라 헤매는 당신에게,법륜 지음 ;최승미 그림
(오은영의) 화해 :상처받은 내면의 나와 마주하는 용기,오은영 지음
(읽다 보면 저절로 알게 되는) 신비한 마음 사전,글·그림: 김지호
(읽으면서 바로 써먹는) 어린이 사자소학,글·그림: 이수인
12가지 인생의 법칙 :혼돈의 해독제,조던 B. 피터슨 지음 ;강주헌 옮김
"50부터는 인생관을 바꿔야 산다 :이제 자존심, 꿈, 사람은 버리고 오직 나를 위해서만!",사이토 다카시 지음 ;황혜숙 옮김
고전이 답했다 :마땅히 살아야 할 삶에 대하여,고명환 지음
공자 아저씨네 빵가게,김선희 글 ;황희경 도움글
굿 라이프 =내 삶을 바꾸는 심리학의 지혜 /The good life,최인철 지음
나는 단순하게 살기로 했다 :물건을 버린 후 찾아온 12가지 놀라운 인생의 변화,사사키 후미오 지음 ;김윤경 옮김
나는 둔감하게 살기로 했다 :초초해하지 않고 나답게 사는 법,와타나베 준이치 지음 ;정세영 옮김
나는 왜 무기력을 되풀이하는가 :에리히 프롬 진짜 삶을 말하다,지음: 에리히 프롬 ;옮김: 장혜경
나는 자라요,김희경 글 ;염혜원 그림
나는 죽을 때까지 재미있게 살고싶다 :멋지게 나이 들고 싶은 사람들을 위한 인생의 기술 53,이근후 지음 ;김선경 엮음
나도 아직 나를 모른다 :뇌과학과 임상심리학이 부서진 마음에게 전하는 말,허지원 지음
나의 운명 사용설명서 :사주명리학과 안티 오이디푸스,고미숙 지음
남에게 보여주려고 인생을 낭비하지 마라 :쇼펜하우어 소품집,아르투어 쇼펜하우어 지음 ;박제헌 옮김
내가 확실히 아는 것들,오프라 윈프리 지음 ;송연수 옮김
내면소통 =삶의 변화를 가져오는 마음근력 훈련/Inner communication,김주환 지음
너에게 들려주는 단단한 말,김종원 지음
다산의 마지막 공부 :마음을 지켜낸다는 것,조윤제 지음
당신의 인생이 왜 힘들지 않아야 한다고 생각하십니까 :쇼펜하우어 아포리즘,아르투어 쇼펜하우어 지음 ;김욱 편역
당신이 옳다 :정혜신의 적정심리학,지은이: 정혜신
데일 카네기 자기관리론,데일 카네기 지음 ;임상훈 옮김
"도둑맞은 집중력 :집중력 위기의 시대, 삶의 주도권을 되찾는 법",요한 하리 지음 ;김하현 옮김
돈으로 살 수 없는 것들 :무엇이 가치를 결정하는가,지은이: 마이클 샌델 ;옮긴이: 안기순
마음의 지혜 :내 삶의 기준이 되는 8가지 심리학,김경일 지음
마인드 스쿨 =Mind school,허윤미|천근아
마인드 스쿨 =Mind school,조주희|천근아
마인드 스쿨 =Mind school,김미영|천근아
마인드 스쿨 =Mind school,허윤미|천근아
마인드 스쿨 =Mind school,"김미영 (지은이), 도도 (그림), 천근아 (기획)"
마인드 스쿨 =Mind school,네온비 글 ;도도 그림
마인드 스쿨 =Mind school,네온비 글 ;도도 그림
마인드 스쿨 =Mind school,네온비|천근아
마인드 스쿨 =Mind school,김미영|천근아
마인드 스쿨 =Mind school,김민희|천근아
마인드 스쿨 =Mind school,"조재호, 은하수 (지은이), 권윤정 (도움글)"
마인드 스쿨 =Mind school,"이혜림 (지은이), 유연경 (그림)"
마인드 스쿨 =Mind school,김미영|천근아
마흔에 읽는 쇼펜하우어 :마음의 위기를 다스리는 철학 수업,강용수 지음
마흔에게 :기시미 이치로의 다시 살아갈 용기에 대하여,기시미 이치로 지음 ;전경아 옮김
명리 :운명을 읽다,강헌 지음
미움받아도 괜찮아 :어린이를 위한 용기의 심리학,황재연 지음 ;김완진 그림
미움받을 용기 :사랑과 진정한 자립에 대한 아들러의 가르침,"기시미 이치로,전경아 옮김"
미움받을 용기 :자유롭고 행복한 삶을 위한 아들러의 가르침,"기시미 이치로,전경아 옮김"
백년을 살아보니 :인생의 황금기는 60~75세,김형석 지음
사랑의 기술,에리히 프롬 지음;황문수 옮김
사랑의 기술,에리히 프롬 지음 ;황문수 옮김
생각에 관한 생각 :우리의 행동을 지배하는 생각의 반란,지은이: 대니얼 카너먼 ;옮긴이: 이진원
생각에 관한 생각 :우리의 행동을 지배하는 생각의 반란,지은이: 대니얼 카너먼 ;옮긴이: 이창신
생각하는 힘 노자 인문학 :EBS [인문학 특강] 최진석 교수의 노자 강의,최진석 지음
소크라테스 익스프레스 :철학이 우리 인생에 스며드는 순간,에릭 와이너 지음 ;김하현 옮김
스키너의 심리상자 열기:세상을 뒤바꾼 위대한 심리 실험 10장면,로렌 슬레이터 지음;조증열 옮김
습관의 힘 :반복되는 행동이 만드는 극적인 변화,찰스 두히그 지음 ;강주헌 옮김
시크릿,지은이: 론다 번;옮긴이: 김우열
심리학이 이렇게 쓸모 있을 줄이야,류쉬안 지음 ;원녕경 옮김
아들러 심리학을 읽는 밤 :『미움받을 용기』 기시미 이치로의 아들러 심리학 입문,기시미 이치로 지음 ;박재현 옮김
아무것도 하지 않으면 아무 일도 일어나지 않는다 :인생의 판을 뒤집는 아들러의 가르침,기시미 이치로 지음 ;전경아 옮김
아프니까 청춘이다 :인생 앞에 홀로 선 젊은 그대에게,김난도 지음
아홉 살 느낌 사전,박성우 글 ;김효은 그림
아홉 살 마음 사전,박성우 글 ;김효은 그림
아홉 살 함께 사전,박성우 글 ;김효은 그림
안녕 자두야 인성 동화,캐릭터 원작: 이빈 ;지영이
안녕 자두야 인성 동화,캐릭터 원작: 이빈 ;지영이
안녕 자두야 인성 동화,캐릭터 원작: 이빈 ;지영이
안녕 자두야 인성 동화,캐릭터 원작: 이빈 ;지영이
안녕 자두야 인성 동화,캐릭터 원작: 이빈 ;지영이
안녕 자두야 인성 동화,캐릭터 원작: 이빈 ;지영이
알면서도 알지 못하는 것들 :가장 기본적인 소망에 대하여,김승호 지음 ;권아리 그림
애쓰지 않고 편안하게,김수현
어떻게 죽을 것인가 :현대 의학이 놓치고 있는 삶의 마지막 순간,아툴 가완디 지음 ;김희정 옮김
열두 살 장래 희망,박성우 글 ;홍그림 그림
오리지널스 :어떻게 순응하지 않는 사람들이 세상을 움직이는가,지은이: 애덤 그랜트 ;옮긴이: 홍지수
왓칭 =시야를 넓힐수록 마법처럼 이루어진다.Watching,김상운 지음
이어령의 마지막 수업,김지수 지음
인간 본성의 법칙,로버트 그린 지음 ;이지연 옮김
인생 수업,"엘리자베스 퀴블러 로스,류시화 옮김"
"자존감 수업 :하루에 하나, 나를 사랑하게 되는 자존감 회복 훈련",윤홍균 지음
정의란 무엇인가,저자: 마이클 샌델 ;역자: 이창신
정의란 무엇인가,지은이: 마이클 샌델 ;옮긴이: 김명철
죽음의 수용소에서,빅터 프랭클 지음;이시형 옮김
죽음이란 무엇인가 :예일대 17년 연속 최고의 명강의,지은이: 셸리 케이건 ;옮긴이: 박세연
지금 이대로 좋다,법륜 지음 ;박정은 그림
질서 너머 :인생의 다음 단계로 나아가는 12가지 법칙,조던 피터슨 지음 ;김한영 옮김
참 괜찮은 태도 :15년 동안 길 위에서 만난 수많은 사람들에게 배운 삶의 의미,지은이: 박지현 ;일러스트: 오하이오
카네기 인간관계론,데일 카네기 지음 ;최염순 옮김
탁월한 사유의 시선 :건명원 강의,최진석 지음
평균의 종말 :평균이라는 허상은 어떻게 교육을 속여왔나,토드 로즈 지음 ;정미나 옮김
프레임 :나를 바꾸는 심리학의 지혜,최인철 지음
프레임:나를 바꾸는 심리학의 지혜,최인철 지음
피로사회,지은이: 한병철 ;옮긴이: 김태환
행복해질 용기,기시미 이치로 지음 ;이용택 옮김
혼자 잘해주고 상처받지 마라 :서운하고 속상한 마음을 들키지 않으려고 애쓰는 당신을 위한 감정의 심리학,유은정 지음
화가 호로록 풀리는 책,글: 신혜영 ;그림: 김진화
회복탄력성 - 시련을 행운으로 바꾸는 유쾌한 비밀,김주환
회복탄력성 =시련을 행운으로 바꾸는 마음 근력의 힘 /Resilience,김주환 지음
(너무 지혜로워서 속이 뻥 뚫리는) 저학년 탈무드,"글: 김정완,그림: 유정연"
(노경실 선생님이 들려주는) 어린이 탈무드,노경실 글 ;송하완 그림
(만화로 보는) 그리스 로마 신화 :특별판,이경우 엮음 ;서영 그림
(만화로 보는) 그리스 로마 신화 :특별판,이경우 엮음 ;서영 그림
(만화로 보는) 그리스 로마 신화 :특별판,이경우 엮음 ;서영 그림
(만화로 보는) 그리스 로마 신화 :특별판,이경우 엮음 ;서영 그림
(만화로 보는) 그리스 로마 신화 :특별판,이경우 엮음 ;서영 그림
(만화로 보는)그리스 로마 신화,토머스 불핀치 지음;서영 그림
(만화로 보는)그리스 로마 신화,토머스 불핀치 지음;서영 그림
(만화로 보는)그리스 로마 신화,토머스 불핀치 지음;서영 그림
(만화로 보는)그리스 로마 신화,토머스 불핀치 지음;서영 그림
(만화로 보는)그리스 로마 신화,토머스 불핀치 지음;서영 그림
(만화로 보는)그리스 로마 신화,토머스 불핀치 지음;서영 그림
(만화로 보는)그리스 로마 신화,토머스 불핀치 지음;서영 그림
(만화로 보는)그리스 로마 신화,토머스 불핀치 지음;서영 그림
(만화로 보는)그리스 로마 신화,토머스 불핀치 지음;서영 그림
(만화로 보는)그리스 로마 신화,토머스 불핀치 지음;홍은영 그림
(만화로 보는)그리스 로마 신화,토머스 불핀치 지음;홍은영 그림
(만화로 보는)그리스 로마 신화,토머스 불핀치 지음;서영 그림
(만화로 보는)그리스 로마 신화,토머스 불핀치 지음;서영 그림
(만화로 보는)그리스 로마 신화,토머스 불핀치 지음;서영 그림
(만화로 보는)그리스 로마 신화,토머스 불핀치 지음;서영 그림
(만화로 보는)그리스 로마 신화,토머스 불핀치 지음;서영 그림
(만화로 보는)그리스 로마 신화,토머스 불핀치 지음;서영 그림
(만화로 보는)그리스 로마 신화,토머스 불핀치 지음;서영 그림
(만화로 보는)그리스 로마 신화,토머스 불핀치 지음;서영 그림
(만화로 보는)그리스 로마 신화,토머스 불핀치 지음;서영 그림
(문학과 예술이 살아 있는) 그리스 로마 신화 :이현세 만화,글·그림: 이현세
(문학과 예술이 살아 있는) 그리스 로마 신화 :이현세 만화,글·그림: 이현세
(문학과 예술이 살아 있는) 그리스 로마 신화 :이현세 만화,글·그림: 이현세
(설민석의) 그리스 로마 신화 대모험,"글: 설민석,스튜디오 담"
(설민석의) 그리스 로마 신화 대모험,"글: 설민석,스튜디오 담"
(설민석의) 그리스 로마 신화 대모험,"글: 설민석,스튜디오 담"
(설민석의) 그리스 로마 신화 대모험,"글: 설민석,스튜디오 담"
(설민석의) 그리스 로마 신화 대모험,"글: 설민석,스튜디오 담"
(설민석의) 그리스 로마 신화 대모험,"글: 설민석,스튜디오 담"
(설민석의) 그리스 로마 신화 대모험,"글: 설민석,스튜디오 담"
(설민석의) 그리스 로마 신화 대모험,"글: 설민석,스튜디오 담"
(설민석의) 그리스 로마 신화 대모험,"글: 설민석,스튜디오 담"
(처음으로 만나는) 그리스 로마 신화,글: 김민수 ;그림: 이현세
(처음으로 만나는) 그리스 로마 신화,글: 김민수 ;그림: 이현세
(팀 켈러의) 내가 만든 신 :하나님의 자리를 훔치다,팀 켈러 지음 ;윤종석 옮김
그리스 로마 신화,"글: 김민희,정보 글: 강대진"
그리스 로마 신화,"글: 김민희,정보 글: 강대진"
그리스 로마 신화,"글: 김민희,정보 글: 강대진"
그리스 로마 신화,"글: 김민희,정보 글: 강대진"
그리스 로마 신화,"글: 김민희,정보 글: 강대진"
그리스 로마 신화,"글: 김민희,정보 글: 강대진"
그리스 로마 신화,"글: 김민희,정보 글: 강대진"
그리스 로마 신화,"글: 김민희,정보 글: 강대진"
그리스 로마 신화,"글: 김민희,정보 글: 강대진"
그리스 로마 신화,"글: 김민희,정보 글: 강대진"
그리스 로마 신화,"글: 김민희,정보 글: 강대진"
그리스 로마 신화,"글: 김민희,정보 글: 강대진"
그리스 로마 신화,"글: 김민희,정보 글: 강대진"
그리스 로마 신화,"글: 김민희,정보 글: 강대진"
그리스 로마 신화,"글: 김민희,정보 글: 강대진"
그리스 로마 신화,"글: 김민희,정보 글: 강대진"
그리스 로마 신화,"글: 김민희,정보 글: 강대진"
그리스 로마 신화,"글: 김민희,정보 글: 강대진"
그리스 로마 신화,"글: 김민희,정보 글: 강대진"
그리스 로마 신화,"글: 김민희,정보 글: 강대진"
그리스 로마 신화,"글: 김민희,정보 글: 강대진"
그리스 로마 신화,"글: 김민희,정보 글: 강대진"
그리스 로마 신화,"글: 김민희,정보 글: 강대진"
그리스 로마 신화,"글: 김민희,정보 글: 강대진"
그리스 로마 신화,"글: 김민희,정보 글: 강대진"
그리스 로마 신화,"글: 김민희,정보 글: 강대진"
그리스 로마 신화,"글: 김민희,정보 글: 강대진"
그리스 로마 신화,"글: 김민희,정보 글: 강대진"
그리스 로마 신화,"글: 김민희,정보 글: 강대진"
그리스 로마 신화,"글: 김민희,정보 글: 강대진"
그리스 로마 신화,"글: 김민희,정보 글: 강대진"
그리스 로마 신화,"글: 김민희,정보 글: 강대진"
그리스 로마 신화,"글: 김민희,정보 글: 강대진"
그리스 로마 신화,"글: 김민희,정보 글: 강대진"
그리스 로마 신화,"글: 김민희,정보 글: 강대진"
그리스 로마 신화,"글: 김민희,정보 글: 강대진"
그리스 로마 신화,"글: 김민희,정보 글: 강대진"
그리스 로마 신화,"글: 김민희,정보 글: 강대진"
그리스 로마 신화,"글: 김민희,정보 글: 강대진"
그리스 로마 신화,"글: 김민희,정보 글: 강대진"
그리스 로마 신화,"글: 김민희,정보 글: 강대진"
깨달음 :내 눈 뜨기,지은이: 법륜
만들어진 신 :신은 과연 인간을 창조했는가?,리처드 도킨스 [지음] ;이한음 옮김
"매달린 절벽에서 손을 뗄 수 있는가? :무문관, 나와 마주 서는 48개의 질문",강신주 지음
무소유,법정
법륜 스님의 반야심경 강의,지은이: 법륜
법륜스님의 금강경 강의 :金剛般若波羅蜜經,지은이: 법륜
북유럽 신화,닐 게이먼 지음 ;박선령 옮김
삶으로 다시 떠오르기,지은이: 에크하르트 톨레 ;옮긴이: 류시화
술 취한 코끼리 길들이기 :마음속 108마리 코끼리 이야기,지은이: 아잔 브라흐마 ;옮긴이: 류시화
"스무살, 반야심경에 미치다",김용옥 지음
신통한 책방 필로뮈토 :김헌의 신화 인문학 동화,기획·정보 글: 김헌 ;그림: 최우빈
야단법석,법륜 지음
야단법석 :법륜 스님의 지구촌 즉문즉설,지은이: 법륜
왕의 재정 :내 삶의 진정한 주인 바꾸기,김미진 지음 ;홍성건 감수
이윤기의 그리스 로마 신화 1 - 신화를 이해하는 12가지 열쇠,이윤기
좋은 말씀 :법정 스님 법문집,지은이: 법정 ;엮은이: 맑고 향기롭게
지금 여기 깨어있기 :법륜 스님의 깨달음 이야기,지은이: 법륜
(EBS 다큐프라임) 자본주의 사용설명서,"EBS <자본주의> 제작팀,EBS Media 기획"
(EBS) 당신의 문해력 :공부의 기초체력을 키워주는 힘,글: 김윤정
(굴릴수록 눈덩이처럼 불어나는) 마법의 연금 굴리기,김성일 지음
(기대를 현실로 바꾸는) 혼자 있는 시간의 힘,사이토 다카시 지음 ;장은주 옮김
(댄 애리얼리) 부의 감각,"댄 애리얼리,이경식 옮김"
(빈대 가족의) 꽃보다 빈대,글: 임창호 ;그림: 류수형
(빈대 가족의) 생활의 달인,글: 이봉기 ;그림: 류수형
(빈대 가족의) 아빠 어디 가?,글: 임창호 ;그림: 류수형
(빈대 가족의) 절약 영재 발굴단,글: 임창호 ;그림: 류수형
(빈대가족의) 덜렁이는 빈대 스타일,글: 강민희 ;그림: 류수형
(이미 늦었다고 생각하는 당신을 위한) 김미경의 마흔 수업,김미경 지음
(잠수네 아이들의) 소문난 교육로드맵 :국영수사과,이신애 지음
(전설로 떠나는) 월街의 영웅 :주식투자에서 상식으로 성공하는 법,"피터 린치,이건 옮김"
(책 한 권이 머릿속에 통째로 복사되는) 7번 읽기 공부법,야마구치 마유 지음 ;류두진 옮김
(허영만의) 3천만원 :왕초보 허영만의 주식투자 도전기,글·그림: 허영만
(흔한남매) 수수께끼 어드벤처 :수수께끼로 배우는 교과 지식,원작: 흔한남매 ;그림: 도니패밀리
(흔한남매) 수수께끼 어드벤처 :수수께끼로 배우는 교과 지식,원작: 흔한남매 ;그림: 도니패밀리
(흔한남매) 수수께끼 어드벤처 :수수께끼로 배우는 교과 지식,원작: 흔한남매 ;그림: 도니패밀리
100원짜리만 받는 과자 가게,"글: 보린,그림: 반하다"
10년 동안 적금밖에 모르던 39세 김 과장은 어떻게 1년 만에 부동산 천재가 됐을까 :5년 만에 자산을 100배 불린 투자고수 렘군의 단기속성 부동산 스쿨,김재수 지음
가족은 꼬옥 안아 주는 거야,박윤경 글 ;김이랑 그림
강성태 66일 공부법 :어떤 시험도 단박에 성적이 오르는 고효율 공부 습관,글: 강성태
개인주의자 선언 :판사 문유석의 일상유감,지은이: 문유석
"검사내전 :생활형 검사의 사람 공부, 세상 공부",김웅 지음
공정하다는 착각 :능력주의는 모두에게 같은 기회를 제공하는가,마이클 샌델 지음 ;함규진 옮김
구해줘 카카오프렌즈 :경제,"글: 한유진,스토리: 강민희"
구해줘 카카오프렌즈 :경제,"글: 한유진,스토리: 강민희"
국가란 무엇인가,유시민 지음
김미경의 리부트 :코로나로 멈춘 나를 다시 일으켜 세우는 법,김미경 지음
나는 마트 대신 부동산에 간다 :3천만 원으로 6년 만에 아파트 15채 보유,김유라 지음
나는 부동산과 맞벌이한다 :배우자 대신 꼬박꼬박 월급을 가져오는 시스템 만들기,너바나 지음
나는 주식 대신 달러를 산다 :성공률 100% 투자자의 기발한 파이프라인,박성현 지음
나의 월급 독립 프로젝트 :3년 만에 30억 벌고 퇴사한 슈퍼개미의 실전 주식투자 생중계,유목민 지음
나의 하루는 4시 30분에 시작된다 :하루를 두 배로 사는 단 하나의 습관,김유진 지음
내 꿈은 방울토마토 엄마 :가슴 뛰는 꿈을 위한 작은 첫걸음,글: 허윤 ;그림: 윤희동
넛지 :똑똑한 선택을 이끄는 힘,"리처드 탈러,안진환 옮김"
더 해빙 =부와 행운을 끌어당기는 힘 /The having,"이서윤,홍주연 지음"
데일 카네기 인간관계론,데일 카네기 지음 ;임상훈 옮김
도시는 무엇으로 사는가 :도시를 보는 열다섯 가지 인문적 시선,유현준 지음
돈의 속성 :최상위 부자가 말하는 돈에 대한 모든 것,지은이: 김승호
맘마미아 월급재테크 실천법,맘마미아 지음
부의 본능 :슈퍼리치가 되는 9가지 방법,브라운스톤 지음
부의 인문학 :슈퍼리치의 서재에서 찾아낸 부자의 길,브라운스톤 지음
부자 아빠 가난한 아빠 :20주년 특별 기념판,지은이: 로버트 기요사키 ;옮긴이: 안진환
부자 아빠 가난한 아빠 =부자들이 들려주는 돈 관리 7가지 방법.Rich dad poor dad,"로버트 기요사키,형선호 옮김"
부자 아빠 가난한 아빠 =부자들이 들려주는 돈과 투자의 비밀.Rich dad poor dad,"로버트 기요사키,형선호 옮김"
부자언니 부자연습 :가난한 공주 부자되기 프로젝트,유수진 지음
부자언니 부자특강 :평범한 월급쟁이 부자되는 공식,유수진 지음
불안,알랭 드 보통 저 ;정영목 옮김
"생각의 비밀 =김밥 파는 CEO, 부자의 탄생을 말하다 /Thoughts become things",김승호 지음
선량한 차별주의자,김지혜 지음
세이노의 가르침 :피보다 진하게 살아라,세이노 지음
"아들아, 돈 공부해야 한다 :50억 부자 아빠의 현실 경제 수업",정선용 지음
아픔이 길이 되려면 :정의로운 건강을 찾아 질병의 사회적 책임을 묻다,김승섭 지음
어떻게 살 것인가,지은이: 유시민
엄마의 돈 공부 - 나를 잃고 싶지 않아 처음 시작한,이지영 (지은이)
엄마의 자존감 공부 :천 번을 미안해도 나는 엄마다,김미경 지음
에이트 =인공지능에 대체되지 않는 나를 만드는 법 /Eight,이지성 지음
완벽한 공부법 :모든 공부의 최고 지침서,"고영성,신영준 지음"
왜 세계의 절반은 굶주리는가? :유엔 식량특별조사관이 아들에게 들려주는 기아의 진실,장 지글러 지음 ;유영미 옮김
왜 세계의 절반은 굶주리는가?:유엔 식량특별조사관이 아들에게 들려주는 기아의 진실,장 지글러 지음;유영미 옮김
이상한 정상가족 :자율적 개인과 열린 공동체를 그리며,김희경 지음
이토록 공부가 재미있어지는 순간 :공부에 지친 청소년들을 위한 힐링 에세이,박성혁 지음
"잠수네 초등 1, 2학년 공부법 :영어/수학/국어",이신애 지음
"잠수네 초등 3, 4학년 공부법 :영어/수학/국어/사회/과학",이신애 지음
존리의 금융 모험생 클럽 :처음 만나는 금융 동화,"존리,정주연 그림"
존리의 금융문맹 탈출 :대한민국 경제독립 프로젝트,존리 지음
존리의 부자되기 습관 :대한민국 경제독립 액션 플랜,존리 지음
죽은 자의 집 청소,김완 지음
"총, 균, 쇠",재레드 다이아몬드 지음 ;김진준 옮김
"총, 균, 쇠 :무기·병균·금속은 인류의 운명을 어떻게 바꿨는가",재레드 다이아몬드 지음 ;김진준 옮김
최재천의 공부 :어떻게 배우며 살 것인가,"지은이: 최재천,안희경"
쿠키런 서바이벌 대작전,글: 김강현 ;그림: 김기수
쿠키런 서바이벌 대작전,글: 김강현 ;그림: 김기수
쿠키런 서바이벌 대작전,글: 김강현 ;그림: 김기수
쿠키런 서바이벌 대작전,글: 김강현 ;그림: 김기수
쿠키런 서바이벌 대작전,글: 김강현 ;그림: 김기수
쿠키런 서바이벌 대작전,글: 김강현 ;그림: 김기수
쿠키런 서바이벌 대작전,글: 김강현 ;그림: 김기수
쿠키런 서바이벌 대작전,글: 김강현 ;그림: 김기수
쿠키런 서바이벌 대작전,글: 김강현 ;그림: 김기수
쿠키런 서바이벌 대작전,글: 김강현 ;그림: 김기수
쿠키런 서바이벌 대작전,글: 김강현 ;그림: 김기수
쿠키런 서바이벌 대작전 10 : 운석 편 - 안전상식 학습만화,"김강현 (지은이), 김기수 (그림)"
쿠키런 서바이벌 대작전 13 : 신비한 섬 편 - 안전상식 학습만화,"김강현 (지은이), 김기수 (그림)"
쿠키런 서바이벌 대작전 15 : 무인도 편 - 안전상식 학습만화,"김강현 (지은이), 김기수 (그림)"
쿠키런 서바이벌 대작전 16 : 방사능 편 - 안전상식 학습만화,김강현
쿠키런 서바이벌 대작전 17 : 재난.재해 편 - 안전상식 학습만화,김강현
쿠키런 서바이벌 대작전 19 : 어둠 지대 편 - 안전상식 학습만화,"김강현 (지은이), 김기수 (그림)"
쿠키런 서바이벌 대작전 20 : 지옥 곤충 편 - 안전상식 학습만화,김강현
쿠키런 서바이벌 대작전 21 (별똥별 산 편),김강현
쿠키런 서바이벌 대작전 22 : 신들의 도시 편,"김강현 (지은이), 김기수 (그림)"
쿠키런 서바이벌 대작전 23 : 차원의 문 편,"김강현 (지은이), 김기수 (그림)"
쿠키런 서바이벌 대작전 24 : 쿠키볼의 비밀 편,"김강현 (지은이), 김기수 (그림)"
쿠키런 서바이벌 대작전 5 : 화재 편 - 안전상식 학습만화,"김강현 (글), 김기수 (그림)"
쿠키런 서바이벌 대작전 6 : 동굴 편 - 안전상식 학습만화,"김강현 (글), 김기수 (그림)"
쿠키런 서바이벌 대작전 9 : 지진 편 - 안전상식 학습만화,"김강현 (글), 김기수 (그림)"
클라우스 슈밥의 제4차 산업혁명,클라우스 슈밥 지음 ;송경진 옮김
팩트풀니스 :우리가 세상을 오해하는 10가지 이유와 세상이 생각보다 괜찮은 이유,"지은이: 한스 로슬링,옮긴이: 이창신"
호모 데우스 :미래의 역사,지은이: 유발 하라리 ;옮긴이: 김명주
(빨간 내복의) 초능력자,서지원 글 ;이진아 그림
(빨간 내복의) 초능력자,서지원 글 ;이진아 그림
(빨간 내복의) 초능력자,서지원 글 ;이진아 그림
(빨간 내복의) 초능력자,서지원 글 ;이진아 그림
(빨간 내복의) 초능력자,서지원 글 ;이진아 그림
(빨간 내복의) 초능력자 :시즌2,서지원 글 ;이진아 그림
"(정재승의) 과학콘서트 :복잡한 세상, 명쾌한 과학",정재승 지음
(카카오프렌즈) 과학 탐정단 :미스터리 과학 학습만화,"글: 김승현,그림: 최우빈"
(카카오프렌즈) 과학 탐정단 :미스터리 과학 학습만화,"글: 김승현,그림: 최우빈"
(카카오프렌즈) 과학 탐정단 :미스터리 과학 학습만화,"글: 김승현,그림: 최우빈"
(카카오프렌즈) 과학 탐정단 :미스터리 과학 학습만화,"글: 김승현,그림: 최우빈"
Go go 카카오프렌즈 :자연탐사,글: 조주희 ;이혜림
Go go 카카오프렌즈 :자연탐사,글: 조주희 ;이혜림
Why? 고대 동물,글: 전재운 ;만화: 정석호
Why? 심해,글: 이지혁 ;만화: 송회석
Why? 아마존,글: 이영미 ;그림: 이두원
곤충보다 작아진 정브르 :생물 학습 만화,원작: 정브르 ;그림: 강신영
구해줘 카카오프렌즈 과학,"글: 박영희,그림: 도니패밀리"
구해줘 카카오프렌즈 과학,"글: 박영희,그림: 도니패밀리"
놓지 마 과학!,"글·그림: 신태훈,나승훈"
놓지 마 과학!,"글·그림: 신태훈,나승훈"
놓지 마 과학!,"글·그림: 신태훈,나승훈"
놓지 마 과학!,"글·그림: 신태훈,나승훈"
놓지 마 과학!,"글·그림: 신태훈,나승훈"
놓지 마 과학!,"글·그림: 신태훈,나승훈"
놓지 마 과학!,"글·그림: 신태훈,나승훈"
놓지 마 과학!,"글·그림: 신태훈,나승훈"
놓지 마 과학!,"글·그림: 신태훈,나승훈"
놓지 마 과학!,"글·그림: 신태훈,나승훈"
놓지 마 과학!,"글·그림: 신태훈,나승훈"
놓지 마 과학!,"글·그림: 신태훈,나승훈"
놓지 마 과학!,"글·그림: 신태훈,나승훈"
놓지 마 과학!,"글·그림: 신태훈,나승훈"
놓지 마 과학!,"글·그림: 신태훈,나승훈"
놓지 마 과학!,"글·그림: 신태훈,나승훈"
놓지 마 과학!,"글·그림: 신태훈,나승훈"
놓지 마 과학! 7 - 정신이 모험에 정신 놓다,신태훈|나승훈
떨림과 울림 :물리학자 김상욱이 바라본 우주와 세계 그리고 우리,김상욱 지음
로봇 세계에서 살아남기 =Survival in robot world,글: 김정욱 ;그림: 한현동
로봇 세계에서 살아남기 =Survival in robot world,글: 김정욱 ;그림: 한현동
무인도에서 살아남기,최덕희 글;강경효 그림
문과 남자의 과학 공부 :나는 무엇이고 왜 존재하며 어디로 가는가?,유시민 지음
빙하에서 살아남기,"지은이: 최덕희,강경효"
사막에서 살아남기,최덕희 글;강경효 그림
수학 귀신 :수학을 싫어하는 한 소년이 수학의 원리를 깨우치기까지,한스 마그누스 엔첸스베르거 글 ;고영아 옮김
수학이 필요한 순간 :인간은 얼마나 깊게 생각할 수 있는가,지은이: 김민형
아마존에서 살아남기,최덕희 글;강경호 그림
엉뚱하지만 과학입니다,"원종우,송승기 그림"
에너지 위기에서 살아남기 =Survival in energy crisis,글: 김정욱 ;그림: 한현동
에너지 위기에서 살아남기 =Survival in energy crisis,글: 김정욱 ;그림: 한현동
열두 발자국,지은이: 정재승
위험한 과학책 :지구 생활자들의 엉뚱한 질문에 대한 과학적 답변,랜들 먼로 지음 ;이지연 옮김
이기적 유전자,리처드 도킨스 지음 ;이상임 옮김
이기적 유전자 :진화론의 새로운 패러다임,리처드 도킨스 지음 ;이상임 옮김
자두의 과학일기,캐릭터 원작: 이빈 ;박은자
자두의 과학일기,캐릭터 원작: 이빈 ;박은자
자두의 과학일기,캐릭터 원작: 이빈 ;박은자
자두의 과학일기,캐릭터 원작: 이빈 ;박은자
정재승의 인류 탐험 보고서,"글: 차유진,그림: 김현민"
정재승의 인류 탐험 보고서,"글: 차유진,그림: 김현민"
정재승의 인류 탐험 보고서,"글: 차유진,그림: 김현민"
천문학자는 별을 보지 않는다,심채경 지음
코스모스 :특별판,칼 세이건 지음 ;홍승수 옮김
쿠키런 개그 과학 상식 =깔깔깔 배꼽 잡는 개그 과학 상식 25 /CookieRun,글: 조주희 ;그림: 이태영
쿠키런 구리구리 과학 상식 =구리구리! 꼬질꼬질! 더러운 과학 상식 25 /CookieRun,글: 조주희 ;그림: 이태영
쿠키런 깜짝 마술 과학 상식 =수리수리 마수리~! 마술 과학 상식 25 /CookieRun,글: 조주희 ;그림: 이태영
쿠키런 놀이왕 과학상식 :재미있게 배우는 놀이 과학 상식 25,글: 조주희 ;그림: 이태영
쿠키런 독한 과학 상식 :독이 약이 되다! 톡 쏘는 독 과학 25,글: 조주희 ;그림: 이태영
쿠키런 명탐정 과학 상식 :범인은 바로 너! 탐정 과학 상식 25,글: 조주희 ;그림: 이태영
쿠키런 반짝 미래 과학 상식 :나의 미래 생활 신기한 미래 과학 25,글: 조주희 ;그림: 이태영
쿠키런 별난 우주 과학 상식 =끝을 알 수 없는 재미! 우주 과학 상식 25 /CookieRun,글: 조주희 ;그림: 이태영
쿠키런 불가사의 과학 상식 =세상에 이런 일이?! 불가사의 과학 상식 25 /CookieRun,글: 조주희 ;그림: 이태영
쿠키런 신통방통 과학 상식 =신통방통! 흥미진진! 신기한 과학 상식 25 /CookieRun,글: 조주희 ;그림: 이태영
쿠키런 엉뚱 과학 상식 =폭소 만발 엉뚱 과학 상식 25 /CookieRun,글: 조주희 ;그림: 이태영
쿠키런 오싹 공포 과학 상식 =온몸이 떨리는 재미! 공포 과학 상식 25 /CookieRun,글: 조주희 ;그림: 이태영
쿠키런 추리.수사 과학 상식,"조주희 (글), 이태영 (그림), 정효해 (감수)"
쿠키런 폭소 과학 상식 =웃음이 빵빵~ 폭소 과학 상식 25 /CookieRun,글: 조주희 ;그림: 이태영
쿠키런 학교왕 과학 상식,"조주희 (지은이), 이태영 (그림), 정효해 (감수)"
쿠키런 황당 과학 상식 :말도 안 돼! 초특급 황당 과학 25,글: 조주희 ;그림: 이태영
퀴즈! 과학상식 : 황당 직업,"신혜영 (지은이), 손영운 (감수)"
토네이도에서 살아남기,글: 리메 ;그림: 한현동
플랑크톤의 비밀 :지구를 지키는 작은 생명체,글·사진: 김종문 ;그림: 이경국
흔한남매 과학 탐험대,원작: 흔한남매 ;임혜영
흔한남매 과학 탐험대,원작: 흔한남매 ;임혜영
흔한남매 과학 탐험대,원작: 흔한남매 ;임혜영
흔한남매 과학 탐험대,원작: 흔한남매 ;임혜영
흔한남매 과학 탐험대,원작: 흔한남매 ;임혜영
흔한남매 과학 탐험대,원작: 흔한남매 ;임혜영
흔한남매 과학 탐험대,원작: 흔한남매 ;임혜영
흔한남매의 흔한 호기심 :일상에서 만나는 과학 상식,원작: 흔한남매 ;그림: 유난희
흔한남매의 흔한 호기심 :일상에서 만나는 과학 상식,원작: 흔한남매 ;그림: 유난희
흔한남매의 흔한 호기심 :일상에서 만나는 과학 상식,원작: 흔한남매 ;그림: 유난희
흔한남매의 흔한 호기심 :일상에서 만나는 과학 상식,원작: 흔한남매 ;그림: 유난희
흔한남매의 흔한 호기심 :일상에서 만나는 과학 상식,원작: 흔한남매 ;그림: 유난희
흔한남매의 흔한 호기심 :일상에서 만나는 과학 상식,원작: 흔한남매 ;그림: 유난희
흔한남매의 흔한 호기심 :일상에서 만나는 과학 상식,원작: 흔한남매 ;그림: 유난희
흔한남매의 흔한 호기심 :일상에서 만나는 과학 상식,원작: 흔한남매 ;그림: 유난희
흔한남매의 흔한 호기심 :일상에서 만나는 과학 상식,원작: 흔한남매 ;그림: 유난희
흔한남매의 흔한 호기심 :일상에서 만나는 과학 상식,원작: 흔한남매 ;그림: 유난희
흔한남매의 흔한 호기심 :일상에서 만나는 과학 상식,원작: 흔한남매 ;그림: 유난희
(건강과 다이어트를 동시에 잡는) 채소·과일식 :단순하면서 자연스러운 가장 효과적인 식단,글: 조승우
(백종원의) 도전 요리왕 :음식으로 맛보는 세계 역사 문화 체험,"글: 백종원,그림: 이정태"
(백종원의) 도전 요리왕 :음식으로 맛보는 세계 역사 문화 체험,"글: 백종원,그림: 이정태"
(백종원의) 도전 요리왕 :음식으로 맛보는 세계 역사 문화 체험,"글: 백종원,그림: 이정태"
(백종원의) 도전 요리왕 :음식으로 맛보는 세계 역사 문화 체험,"글: 백종원,그림: 이정태"
(백종원의) 도전 요리왕 :음식으로 맛보는 세계 역사 문화 체험,"글: 백종원,그림: 이정태"
(백종원의) 도전 요리왕 :음식으로 맛보는 세계 역사 문화 체험,"글: 백종원,그림: 이정태"
(백종원의) 도전 요리왕 :음식으로 맛보는 세계 역사 문화 체험,"글: 백종원,그림: 이정태"
(세상 쉽고 맛있는) 튼이 이유식 :큐브와 밥솥 칸막이로 한번에 3가지 9끼 이유식 완성,지은이: 정주희
(수납의 여왕★털팽이식) 3배속 살림법,조윤경 지음
(오은영 박사가 전하는) 금쪽이들의 진짜 마음속,오은영 지음
(퀴즈!) 과학상식 :드론과학,신혜영 지음 ;차현진 그림
0~5세 말걸기 육아의 힘,김수연 지음
Why? 과학수사,글: 조영선 ;만화: 이영호
Why? 드론,글: 조영선 ;만화: 이영호
Why? 로봇,글: 조영선 ;만화: 이영호
Why? 수면 과학,글: 조영선 ;그림: 이영호
Why? 식품과 영양,글: 조영선 ;만화: 이영호
Why? 약물과 치료,글: 강주현 ;만화: 강신영
Why? 위험 물질,글: 조영선 ;만화: 이영호
Why? 응급처치,글: 파피루스 ;만화: 이준희
Why? 의료 기기,글: 강주현 ;만화: 문정완
Why? 표준 과학,글: 조영선 ;만화: 이영호
Why? 해부학,글: 조영선 ;만화: 이영호
고양이 마음 사전,나응식 글 ;댄싱스네일 그림
"골든아워 :생과 사의 경계, 중증외상센터의 기록",지은이: 이국종
"골든아워 :생과 사의 경계, 중증외상센터의 기록",지은이: 이국종
공간의 미래 :코로나가 가속화시킨 공간 변화,유현준 지음
공간이 만든 공간 :새로운 생각은 어떻게 만들어지는가,유현준 지음
"나는 간호사, 사람입니다 :단 한번의 실수도 허락하지 않는 삶을 사는 사람들의 이야기",김현아 지음
"나에게 맞는 미니멀 라이프 :비움에 서툰 당신을 위한, 생활의 기술",아키 지음 ;허영은 옮김
날마다 미니멀 라이프 :미니멀리스트 10인의 홀가분한 삶과 공간에 관하여,박미현 지음
내 아이가 힘겨운 부모들에게,오은영 지음
내가 조금 불편하면 세상은 초록이 돼요 :지구를 지키는 어린이들의 환경 실천법 50,김소희 글 ;정은희 그림
당신도 느리게 나이 들 수 있습니다 :나이가 들어도 몸의 시간을 젊게,정희원 지음
두 번째 지구는 없다,글·그림: 타일러 라쉬
똑게육아 =내 아이에게 '꿀잠' 선물하기 프로젝트 /Smart & lazy motherhood consulting,로리 지음
라면을 먹으면 숲이 사라져,최원형 글 ;이시누 그림
"마녀체력 :마흔, 여자가 체력을 키워야 할 때",이영미 지음
못 참는 아이 욱하는 부모 :분노조절장애의 시대를 사는 대한민국 부모에게 주는 육아 멘토 오은영 박사의 감정 조절 육아법,오은영 지음
무지개 도시를 만드는 초록 슈퍼맨 :세상을 바꾸는 시민의 힘,김영숙 글 ;장명진 그림
백종원이 추천하는 집밥 메뉴 52,지은이: 백종원 ;이강신
북극곰에게 냉장고를 보내야겠어,글: 김현태 ;그림: 이범
설레지 않으면 버려라 :인생이 빛나는 곤마리 정리법,곤도 마리에 지음 ;홍성민 옮김
세계사를 바꾼 10가지 약,사토 겐타로 지음 ;서수지 옮김
스님의 주례사 :행복한 결혼생활을 위한 남녀 마음 이야기,법륜 지음 ;김점선 그림
식객,취재·글·그림: 허영만 ;취재·글: 이호준
식객 1 - 맛의 시작,허영만
식객 10 - 자반고등어 만들기,허영만
식객 12 - 완벽한 음식,허영만
식객 14 - 김치찌개 맛있게 만들기,허영만
식객 15 - 돼지고기 열전,허영만
식객 2 - 진수성찬을 차려라,허영만
식객 3 - 소고기 전쟁,허영만
식객 4 - 잊을 수 없는 맛,허영만
식객 5 - 술의 나라,허영만
식객 6 - 마지막 김장,허영만
식객 7 - 요리하는 남자,허영만
식객 8 - 죽음과 맞바꾸는 맛,허영만
식객 9 - 홍어를 찾아서,허영만
아내를 모자로 착각한 남자,올리버 색스 지음 ;이정호 그림
아들 때문에 미쳐버릴 것 같은 엄마들에게 :큰 소리 내지 않고 아이를 키우는 법,최민준 지음
아이를 위한 하루 한 줄 인문학 :내면의 힘이 탄탄한 아이를 만드는 인생 문장 100,김종원 지음
어디서 살 것인가우리가 살고 싶은 곳의 기준을 바꾸다,유현준 지음
어떻게 말해줘야 할까 :오은영의 현실밀착 육아회화,글: 오은영 ;그림: 차상미
엄마 수업 :법륜 스님이 들려주는 우리 아이 지혜롭게 키우는 법,법륜 지음 ;이순형 그림
오늘부터 미니멀라이프 :무인양품으로 심플하게 살기,지은이: 미쉘 ;번역: 김수정
오무라이스 잼잼 - 경이로운 일상음식 이야기,조경규 (지은이)
요리스타 청,조재호 글 ;은하수 그림
요리스타 청,조재호 글 ;은하수 그림
요리스타 청,조재호 글 ;은하수 그림
요리스타 청,조재호 글 ;은하수 그림
요리스타 청,조재호 글 ;은하수 그림
요리스타 청,조재호 글 ;은하수 그림
요리스타 청,조재호 글 ;은하수 그림
요리스타 청,조재호 글 ;은하수 그림
요리스타 청,조재호 글 ;은하수 그림
요리스타 청,조재호 글 ;은하수 그림
요리스타 청 2 - 아이스크림 대결,"조재호 (글), 은하수 (그림), 요리조리스쿨"
요리스타 청 4 - 한울의 편식을 고쳐라,"조재호 (글), 은하수 (그림), 요리조리스쿨"
인생이 빛나는 정리의 마법,곤도 마리에 지음 ;홍성민 옮김
일과 도구,글·그림: 권윤덕
정재승의 인간 탐구 보고서,"글: 정재은,특대호 원고: 오경은"
정재승의 인간 탐구 보고서,"글: 정재은,특대호 원고: 오경은"
정재승의 인간 탐구 보고서,"글: 정재은,특대호 원고: 오경은"
정재승의 인간 탐구 보고서,"글: 정재은,특대호 원고: 오경은"
정재승의 인간 탐구 보고서,"글: 정재은,특대호 원고: 오경은"
정재승의 인간 탐구 보고서,"글: 정재은,특대호 원고: 오경은"
정재승의 인간 탐구 보고서,"글: 정재은,특대호 원고: 오경은"
정재승의 인간 탐구 보고서,"글: 정재은,특대호 원고: 오경은"
정재승의 인간 탐구 보고서,"글: 정재은,특대호 원고: 오경은"
정재승의 인간 탐구 보고서,"글: 정재은,특대호 원고: 오경은"
정재승의 인간 탐구 보고서,"글: 정재은,특대호 원고: 오경은"
정재승의 인간 탐구 보고서,"글: 정재은,특대호 원고: 오경은"
정재승의 인간 탐구 보고서,"글: 정재은,특대호 원고: 오경은"
정재승의 인간 탐구 보고서,"글: 정재은,특대호 원고: 오경은"
지방 대사 켜는 스위치온 다이어트,박용우 지음
초등 자존감 수업 :불안을 이기는 엄마가 아이의 자존감을 키운다,윤지영 지음
"최민준의 아들코칭 백과 :기질 파악부터 말공부, 사회성, 감정코칭까지",최민준 글 ;신예원 그림
침묵의 봄,지은이: 레이첼 카슨 ;옮긴이: 김은령
(5번 만에 완성) 귀여운 일러스트 그리기,유우 지음 ;김현영 옮김
(Maple story) 메이플 축구단 :꿈나무를 위한 본격 스포츠성장만화,글·그림: 인우
(Maple story) 메이플 축구단 :꿈나무를 위한 본격 스포츠성장만화,글·그림: 인우
(Maple story) 메이플 축구단 :꿈나무를 위한 본격 스포츠성장만화,글·그림: 인우
(Maple story) 메이플 축구단 :꿈나무를 위한 본격 스포츠성장만화,글·그림: 인우
(Maple story) 메이플 축구단 :꿈나무를 위한 본격 스포츠성장만화,글·그림: 인우
(Maple story) 메이플 축구단 :꿈나무를 위한 본격 스포츠성장만화,글·그림: 인우
(내가 만들어 모두가 사용하는) 카카오톡 이모티콘 만들기 =Make kakaotalk emoticons,김소희 지음
(네모아저씨의) 페이퍼 레인저 :종이접기로 만나는 무적의 전사,이원표 지음
(네모아저씨의) 페이퍼 블레이드,이원표 지음
(네모아저씨의) 페이퍼 블레이드,이원표 지음
(네모아저씨의) 페이퍼 블레이드,이원표 지음
(네모아저씨의) 페이퍼 블레이드 :색종이 3장이면 멋진 팽이가 내 것!,이원표 지음
(네모아저씨의) 페이퍼 블레이드 :유닛의 경계를 넘어! 종이접기의 한계를 넘어!,이원표 지음
(네모아저씨의) 페이퍼 애니멀 :한 장으로 접는 입체 동물 40점,이원표 지음
(네모아저씨의) 페이퍼 윙즈 =색종이 1장으로 접는 종이비행기의 완결판! /Paper wings,이원표 지음
(매직 키드를 위한)마술 대백과,해바라기 지음;이명선 그림
(머리가 좋아지는) 만들기 백과,글·그림: 김충원
(모든 그림 그리는 이들을 위한) 석가의 해부학 노트 =Stonehouse's anatomy note,석정현 지음
(아기자기 귀여운) 색연필 일러스트 :easy colored pencil,서여진 지음
(아빠가 들려주는) 숭례문 이야기,글: 이용재 ;그림: 이승원
(아이 love 나의 꿈) 반짝반짝 액세서리 만들기,"이정연 글,그림"
(알랭 드 보통의) 영혼의 미술관 :예술은 어떻게 우리를 치유하는가,"알랭 드 보통,김한영 옮김"
(어린이를 위한) 그림의 역사,"데이비드 호크니,신성림 옮김"
(어린이를 위한) 왕초보 큐브 스쿨,정진화 지음
(이세돌의) 어린이 바둑 교과서,이세돌 지음 ;성기창 기획
(종이접기아저씨) 김영만 종이접기놀이 100,지은이: 김영만
(키가 쑥쑥 몸이 쭉쭉) 꼬마 발레리나 :어린이의 성장을 돕는 체조 그림책,류경진 글 ;김언경 그림
(태권도) 품새의 비밀 :국기원 공인 캐릭터와 함께하는 교본동화,글: 김지원 ;그림: 이상재
(판다언니의) 첫 번째 자수,박준영 지음
(한눈에 반한) 우리 미술관 :풍속화에서 사군자까지,장세현 글
90일 밤의 미술관 =하루 1작품 내 방에서 즐기는 유럽 미술관 투어 /90 nights' museum,"이용규,이진희 지음"
Why? 마술과학,글: 파피루스 ;만화: 이준희
Why? 마술과학,글: 파피루스 ;그림: 이준희
Why? 스포츠과학,글: 조영선 ;만화: 이영호
간송 전형필 :한국의 미를 지킨 대수장가 간송의 삶과 우리 문화재 수집 이야기,이충렬 지음
게임 종이접기 :SBS <영재발굴단> 준규 형아가 손으로 직접 만든 장난감,강준규 지음
경복궁에 간 불도깨비,김미혜 글 ;이광익 그림
국가대표 종이비행기 :멀리 날리기,위플레이 지음
그림 그리기가 이토록 쉬울 줄이야 :혼자서 가볍게 시작하는 일상 드로잉,이기주 지음
"김락희의 인체 드로잉 :도형화 부터 해부학, 동세까지 단계별로 배운다!",김락희 지음
김이나의 작사법 :우리의 감정을 사로잡는 일상의 언어들,지은이: 김이나
꽃 자수 수업 :계절을 수놓는 시간,이연희 지음
나는 그릇이에요,최은영 글 ;이경국 그림
나는 읽고 쓰고 버린다 :손웅정의 말,지은이: 손웅정
나의 첫 번째 수채화 수업 :스케치 없이 붓으로 그리는 감성 수채화,김소라 지음
내 손글씨로 완성하는 캘리그라피 :윤선디자인의 '누구나 캘리그라피 잘 하는 법',정윤선 지음
네모아저씨의 슈팅스타,이원표 지음
느낌 있는 그림 이야기,이주헌 지음
다른 방식으로 보기,존 버거 [지음] ;최민 옮김
다이어터 :건강한 생활을 위한 본격 다이어트 웹툰,글: 네온비 ;그림: 캐러멜
다이어터 :건강한 생활을 위한 본격 다이어트 웹툰,글: 네온비 ;그림: 캐러멜
다이어터 :건강한 생활을 위한 본격 다이어트 웹툰,글: 네온비 ;그림: 캐러멜
대충 봐도 머리에 남는 어린이 야구 상식 :야구의 재미를 제대로 알게 하는 알쏭달쏭 야구의 모든 것,글: 김양희 ;그림: 나인완
디자인은 어디에나 있어!,"이남석,김정윤 그림"
마인크래프트 건축가이드 미니 프로젝트 :20개 이상의 작은 건축물을 만들어 보세요,저자: Mojang AB ;역자: 이주안
마인크래프트 초보자 가이드 :마인크래프트 입문자가 알아야 할 모든 것,저자: Mojang AB ;역자: 김성원
"모든 것은 기본에서 시작한다 :실력도 기술도 사람 됨됨이도, 기본을 지키는 손웅정의 삶의 철학",손웅정 지음
"모지스 할머니, 평범한 삶의 행복을 그리다",이소영 지음
미술관에 간 화학자 :이성과 감성으로 과학과 예술을 통섭하다,전창림 지음
"반 고흐, 영혼의 편지",빈센트 반 고흐 지음 ;신성림 옮기고 엮음
"반 고흐, 영혼의 편지",빈센트 반 고흐 지음;신성림 옮기고 엮음
빈센트 나의 빈센트 =정여울의 반 고흐 에세이 /Vincent my Vincent,정여울 글 ;이승원 사진
색깔 속에 숨은 세상 이야기,"박영란,송효정 그림"
세상에서 제일 재밌는 종이접기 :색종이 한 장이면 장난감 뚝딱!,이원표 지음
센과 치히로의 행방불명 보정판 (2disc) - DTS-ES,미야자키 하야오 (감독)
소원을 그리는 아이,김평 글 ;홍선주 그림
"스페인은 가우디다 =스페인의 뜨거운 영혼, 가우디와 함께 떠나는 건축 여행 /Gaudi",김희곤 지음
시대를 훔친 미술 :그림으로 보는 세계사의 결정적 순간,이진숙 지음
신과 함께 :신화편,지은이: 주호민
신과 함께 :신화편,지은이: 주호민
신과 함께 :신화편,지은이: 주호민
신과 함께 :이승편,지은이: 주호민
신과 함께 :이승편,지은이: 주호민
신과 함께 :저승편,지은이: 주호민
신과 함께 :저승편,지은이: 주호민
신과 함께 :저승편,지은이: 주호민
심미안 수업 =어떻게 가치 있는 것을 알아보는가 /Esthetic sense,지은이: 윤광준
안목,지은이: 유홍준
어린이를 위한 세계 미술관 :고양이 화가 그레이와 화가를 꿈꾸는 서연이의 미술관 여행!,지은이: 이유민 ;그린이: 김초혜
어쨌든 미술은 재밌다 =그림을 어렵게 느끼는 입문자를 위한 5분 교양 미술 /Anyway art is fun,박혜성 지음
엄마는 행복한 미술 선생님,"바오,마리 지음"
영화를 찍으며 생각한 것 :고레에다 히로카즈 영화자서전,지은이: 고레에다 히로카즈 ;옮긴이: 이지수
"왜 유명한 거야, 이 그림?",이유리 글 ;허현경 그림
요렇게 해봐요 :내 몸으로 ㄱ ㄴ ㄷ,글·그림: 김시영
월리를 찾아라!,글·그림: 마틴 핸드포드 ;옮긴이: 노은정
월리를 찾아라! 시간여행,글·그림: 마틴 핸드포드 ;옮긴이: 노은정
월리를 찾아라! 환상여행,글·그림: 마틴 핸드포드 ;옮긴이: 노은정
유럽의 그림책 작가들에게 묻다 :10인의 작가가 말하는 그림책의 힘,지은이: 최혜진 ;사진: 신창용
유럽의 시간을 걷다 :한 권으로 떠나는 인문예술여행,최경철 지음
이웃집 토토로,미야자키 하야오 (감독)
인생은 순간이다 :삶이라는 타석에서 평생 지켜온 철학,김성근 지음
자두의 놀이 일기장 :안녕 자두야 오늘은 뭘 하고 놀까?,캐릭터 원작: 이빈 ;그림: 최호정
잘되는 집안의 10cm 비밀 =풍수 인테리어를 이용한 정리와 배치의 기술 /10cm secret of the rich,이성준 지음
정확한 사랑의 실험,지은이: 신형철
"조훈현, 고수의 생각법 :생각은 반드시 답을 찾는다",조훈현 지음
추사 김정희 :산은 높고 바다는 깊네,유홍준 지음
축구를 하며 생각한 것들 :손흥민 첫 에세이,지은이: 손흥민
츄팝의 DIY 슬라임 카페,저자: 샌드박스네트워크 ;글·감수: 츄팝
"하루 한 장, 인생 그림 :아트메신저 이소영이 전하는 명화의 세계",이소영 지음
(36개월부터 영어를 모국어처럼 습득하는) 하루 1시간 현서네 유튜브 영어 학습법,배성기 지음
(신비아파트) 한자귀신,글: 김강현 ;그림: 김기수
(신비아파트) 한자귀신,글: 김강현 ;그림: 김기수
(신비아파트) 한자귀신,글: 김강현 ;그림: 김기수
(읽다 보면 저절로 알게 되는) 신비한 높임말 사전,글·그림: 이수인
(잠수네 아이들의) 소문난 영어공부법 :통합로드맵,이신애 지음
(지적이고 아름다운 삶을 위한) 라틴어 수업,한동일 지음
(쿠키런) 한자런 :달리는 쿠키들의 한자 대모험,글: 조주희 ;그림: 이태영
(쿠키런) 한자런 :달리는 쿠키들의 한자 대모험,글: 조주희 ;그림: 이태영
(쿠키런) 한자런 :달리는 쿠키들의 한자 대모험,글: 조주희 ;그림: 이태영
(쿠키런) 한자런 :달리는 쿠키들의 한자 대모험,글: 조주희 ;그림: 이태영
(쿠키런) 한자런 :달리는 쿠키들의 한자 대모험,글: 조주희 ;그림: 이태영
(쿠키런) 한자런 :달리는 쿠키들의 한자 대모험,글: 조주희 ;그림: 이태영
(쿠키런) 한자런 :달리는 쿠키들의 한자 대모험,글: 조주희 ;그림: 이태영
(쿠키런) 한자런 :달리는 쿠키들의 한자 대모험,글: 조주희 ;그림: 이태영
(쿠키런) 한자런 :달리는 쿠키들의 한자 대모험,글: 조주희 ;그림: 이태영
(쿠키런) 한자런 :달리는 쿠키들의 한자 대모험,글: 조주희 ;그림: 이태영
(쿠키런) 한자런 :달리는 쿠키들의 한자 대모험,글: 조주희 ;그림: 이태영
(쿠키런) 한자런 :달리는 쿠키들의 한자 대모험,글: 조주희 ;그림: 이태영
(한마디를 해도 통하는 김영철·타일러의) 진짜 미국식 영어,"김영철,타일러 지음"
그램그램 영단어 원정대,"지은이: 장영준,권하선"
그램그램 영단어 원정대,"지은이: 장영준,권하선"
그램그램 영문법 원정대,"지은이: 장영준,김덕영"
그램그램 영문법 원정대,"지은이: 장영준,김덕영"
그램그램 영문법 원정대,"지은이: 장영준,김덕영"
그램그램 영문법 원정대,"지은이: 장영준,김덕영"
그램그램 영문법 원정대,"지은이: 장영준,김덕영"
그램그램 영문법 원정대,"지은이: 장영준,김덕영"
그램그램 영문법 원정대,"지은이: 장영준,김덕영"
그램그램 영문법 원정대,"지은이: 장영준,김덕영"
그램그램 영문법 원정대,"지은이: 장영준,김덕영"
그램그램 영문법 원정대,"지은이: 장영준,김덕영"
놓지 마 맞춤법,"신태훈,나승훈 글·그림"
놓지 마 어휘 :한자어,"신태훈,나승훈 글·그림"
놓지 마 어휘 :한자어,"신태훈,나승훈 글·그림"
놓지 마 어휘 :한자어,"신태훈,나승훈 글·그림"
"놓지 마 초등 영단어 :만화로 재미있게, 단어가 쏙쏙, 영어가 술술~","지은이: 신태훈,나승훈"
마법천자문 :손오공의 한자 대탐험,"글: 시리얼,홍거북"
마법천자문 :손오공의 한자 대탐험,"글: 시리얼,홍거북"
마법천자문 :손오공의 한자 대탐험,"글: 시리얼,홍거북"
마법천자문 :손오공의 한자 대탐험,"글: 시리얼,홍거북"
마법천자문 :손오공의 한자 대탐험,"글: 시리얼,홍거북"
마법천자문 :손오공의 한자 대탐험,"글: 시리얼,홍거북"
마법천자문 :손오공의 한자 대탐험,"글: 시리얼,홍거북"
마법천자문 :손오공의 한자 대탐험,"글: 시리얼,홍거북"
마법천자문 :손오공의 한자 대탐험,"글: 시리얼,홍거북"
마법천자문 :손오공의 한자 대탐험,"글: 시리얼,홍거북"
마법천자문 :손오공의 한자 대탐험,"글: 시리얼,홍거북"
마법천자문 :손오공의 한자 대탐험,"글: 시리얼,홍거북"
마법천자문 :손오공의 한자 대탐험,"글: 시리얼,홍거북"
마법천자문 :손오공의 한자 대탐험,"글: 시리얼,홍거북"
마법천자문 :손오공의 한자 대탐험,"글: 시리얼,홍거북"
마법천자문 :손오공의 한자 대탐험,"글: 시리얼,홍거북"
마법천자문 :손오공의 한자 대탐험,"글: 시리얼,홍거북"
마법천자문 :손오공의 한자 대탐험,"글: 시리얼,홍거북"
마법천자문 :손오공의 한자 대탐험,"글: 시리얼,홍거북"
마법천자문 :손오공의 한자 대탐험,"글: 시리얼,홍거북"
마법천자문 :손오공의 한자 대탐험,"글: 시리얼,홍거북"
마법천자문 :손오공의 한자 대탐험,"글: 시리얼,홍거북"
마법천자문 :손오공의 한자 대탐험,"글: 시리얼,홍거북"
마법천자문 :손오공의 한자 대탐험,"글: 시리얼,홍거북"
마법천자문 :손오공의 한자 대탐험,"글: 시리얼,홍거북"
마법천자문 :손오공의 한자 대탐험,"글: 시리얼,홍거북"
마법천자문 :손오공의 한자 대탐험,"글: 시리얼,홍거북"
마법천자문 :손오공의 한자 대탐험,"글: 시리얼,홍거북"
마법천자문 :손오공의 한자 대탐험,"글: 시리얼,홍거북"
마법천자문 :손오공의 한자 대탐험,"글: 시리얼,홍거북"
마법천자문 :손오공의 한자 대탐험,"글: 시리얼,홍거북"
마법천자문 :손오공의 한자 대탐험,"글: 시리얼,홍거북"
마법천자문 :손오공의 한자 대탐험,"글: 시리얼,홍거북"
마법천자문 :손오공의 한자 대탐험,"글: 시리얼,홍거북"
마법천자문 :손오공의 한자 대탐험,"글: 시리얼,홍거북"
마법천자문 :손오공의 한자 대탐험,"글: 시리얼,홍거북"
마법천자문 :손오공의 한자 대탐험,"글: 시리얼,홍거북"
마법천자문 :손오공의 한자 대탐험,"글: 시리얼,홍거북"
마법천자문 :손오공의 한자 대탐험,"글: 시리얼,홍거북"
마법천자문 :손오공의 한자 대탐험,"글: 시리얼,홍거북"
마법천자문 :손오공의 한자 대탐험,"글: 시리얼,홍거북"
마법천자문 :손오공의 한자 대탐험,"글: 시리얼,홍거북"
마법천자문 :손오공의 한자 대탐험,"글: 시리얼,홍거북"
마법천자문 :손오공의 한자 대탐험,"글: 시리얼,홍거북"
설민석의 고사성어 대격돌,"글: 설민석,그림: 김문식"
설민석의 고사성어 대격돌,"글: 설민석,그림: 김문식"
설민석의 고사성어 대격돌,"글: 설민석,그림: 김문식"
신비아파트 한자 귀신 1 - 1001개의 구슬,"김강현 (지은이), 김기수 (그림), 김경익, 박상우 (감수)"
신비아파트 한자 귀신 2 - 저주의 대가,"김강현 (지은이), 김기수 (그림), 김경익, 박상우 (감수)"
영어책 한 권 외워봤니? :딱 한 권만 넘으면 영어 울렁증이 사라진다,김민식 지음
영어회화 100일의 기적 :100일 후에는 나도 영어로 말한다!,문성현 지음
이시원의 영어 대모험 =만화로 시작하는 이시원표 초등영어.English adventure,글: 박시연 ;그림: 이태영
이시원의 영어 대모험 =만화로 시작하는 이시원표 초등영어.English adventure,글: 박시연 ;그림: 이태영
이시원의 영어 대모험 =만화로 시작하는 이시원표 초등영어.English adventure,글: 박시연 ;그림: 이태영
이시원의 영어 대모험 =만화로 시작하는 이시원표 초등영어.English adventure,글: 박시연 ;그림: 이태영
이시원의 영어 대모험 =만화로 시작하는 이시원표 초등영어.English adventure,글: 박시연 ;그림: 이태영
잠수네 프리스쿨 영어공부법 :엄마와 아이가 모두 행복한 5세·6세·7세 로드맵,이신애 지음
초등 완성 매일 영어책 읽기 습관 :영어 자신감과 성적을 가장 확실하게 잡는 4단계 영어 공부법,이은경 지음
"쿠키런 한자런 3 - 이어달리기로 승부다! 이을 계(繼)!, 달리는 쿠키들의 한자 대모험","조주희 (글), 이태영 (그림), 김장미 (감수)"
플루언트 =영어 유창성의 비밀 /Fluent,조승연 지음
흔한남매 불꽃 튀는 우리말 :초등 국어 고수 되기 프로젝트,원작: 흔한남매 ;그림: 유희석
흔한남매 불꽃 튀는 우리말 :초등 국어 고수 되기 프로젝트,원작: 흔한남매 ;그림: 유희석
흔한남매 불꽃 튀는 우리말 :초등 국어 고수 되기 프로젝트,원작: 흔한남매 ;그림: 유희석
(내 멋대로) 친구 뽑기,최은옥 글 ;김무연 그림
100층짜리 집,글·그림: 이와이 도시오 ;옮김: 김숙
13층 나무 집,앤디 그리피스 글 ;신수진 옮김
1Q84 :무라카미 하루키 장편소설,지은이: 무라카미 하루키 ;옮긴이: 양윤옥
26층 나무 집,앤디 그리피스 글 ;신수진 옮김
28 :정유정 장편소설,지은이: 정유정
39층 나무 집,앤디 그리피스 글 ;신수진 옮김
52층 나무 집,앤디 그리피스 글 ;신수진 옮김
65층 나무 집,앤디 그리피스 글 ;신수진 옮김
7년 동안의 잠 :박완서 그림동화,글: 박완서 ;그림: 김세현
7년의 밤 :정유정 장편소설,지은이: 정유정
82년생 김지영 :조남주 장편소설,지은이: 조남주
가면산장 살인사건,지은이: 히가시노 게이고 ;옮긴이: 김난주
강아지똥,글: 권정생 ;그림: 정승각
고구마구마,지은이: 사이다
곰탕 :김영탁 장편소설,지은이: 김영탁
기린의 날개,히가시노 게이고 지음 ;김난주 옮김
기억 전달자,로이스 로리 글;장은수 옮김
나는 나로 살기로 했다 :냉담한 현실에서 어른살이를 위한 to do list,글·그림: 김수현
나미야 잡화점의 기적 :히가시노 게이고 장편소설,지은이: 히가시노 게이고 ;옮긴이: 양윤옥
난장이가 쏘아올린 작은 공:조세희 소설집,조세희
날씨가 좋으면 찾아가겠어요 :이도우 장편소설,지은이: 이도우
내 멋대로 나 뽑기,최은옥 글 ;김무연 그림
내 멋대로 아빠 뽑기,최은옥 글 ;김무연 그림
내게 무해한 사람 :최은영 소설,지은이: 최은영
두근두근 내 인생 :김애란 장편소설,지은이: 김애란
라플라스의 마녀 :히가시노 게이고 장편소설,지은이: 히가시노 게이고 ;옮긴이: 양윤옥
마법의 설탕 두 조각,미카엘 엔데 글;유혜자 옮김
말의 품격 :말과 사람과 품격에 대한 생각들,이기주 지음
모순 :양귀자 장편소설,지은이: 양귀자
미 비포 유,조조 모예스 지음 ;김선형 옮김
미드나잇 라이브러리,매트 헤이그 지음 ;노진선 옮김
바깥은 여름 :김애란 소설,지은이: 김애란
바다 100층짜리 집,글·그림: 이와이 도시오 ;옮김: 김숙
밝은 밤 :최은영 장편소설,지은이: 최은영
불편한 편의점 :김호연 장편소설,지은이: 김호연
불편한 편의점 :김호연 장편소설,지은이: 김호연
빨강머리 앤이 하는 말 :백영옥 에세이,지은이: 백영옥
살인자의 기억법 :김영하 장편소설,지은이: 김영하
상실의 시대 :무라카미 하루키 장편소설,지은이: 무라카미 하루키 ;옮긴이: 유유정
소년이 온다 :한강 장편소설,지은이: 한강
쇼코의 미소 :최은영 소설,지은이: 최은영
순례 주택 :유은실 소설,지은이: 유은실
시간을 파는 상점 :김선영 장편소설,지은이: 김선영
"시선으로부터, :정세랑 장편소설",지은이: 정세랑
아몬드 :손원평 장편소설,지은이: 손원평
아버지의 해방일지 :정지아 장편소설,지은이: 정지아
알사탕,백희나
언어의 온도 :말과 글에는 나름의 따뜻함과 차가움이 있다,지은이: 이기주
엄마 까투리,권정생 글 ;김세현 그림
엄마 자판기,글·그림: 조경희
여행의 이유 :김영하 산문,지은이: 김영하
연금술사,파울로 코엘료 지음;최정수 옮김
"오늘 밤, 세계에서 이 사랑이 사라진다 해도",이치조 미사키 지음 ;권영주 옮김
오직 두 사람 :김영하 소설,지은이: 김영하
완벽하지 않은 것들에 대한 사랑 :온전한 나를 위한 혜민 스님의 따뜻한 응원,혜민 지음 ;이응견 그림
완전한 행복 :정유정 장편소설,지은이: 정유정
우리가 빛의 속도로 갈 수 없다면 :김초엽 소설,지은이: 김초엽
위저드 베이커리 =구병모 장편소설 /Wizard bakery,지은이: 구병모
유시민의 글쓰기 특강,지은이: 유시민
이상한 손님,백희나
이상한 엄마,백희나
이파라파냐무냐무 :이지은 그림책,글·그림: 이지은
작별인사 :김영하 장편소설,지은이: 김영하
작별하지 않는다 :한강 장편소설,지은이: 한강
장수탕 선녀님,지은이: 백희나
정글만리 :조정래 장편소설,저자: 조정래
종의 기원 =정유정 장편소설 /The origin of species,지은이: 정유정
죽고 싶지만 떡볶이는 먹고 싶어 :백세희 에세이,지은이: 백세희
죽여 마땅한 사람들,피터 스완슨 지음 ;노진선 옮김
지구 끝의 온실 :김초엽 장편소설,지은이: 김초엽
지구에서 한아뿐 :정세랑 장편소설,지은이: 정세랑
지하 100층짜리 집,글·그림: 이와이 도시오 ;옮긴이: 김숙
창문 넘어 도망친 100세 노인 :요나스 요나손 장편소설,지은이: 요나스 요나손 ;옮긴이: 임호경
채식주의자:한강 연작소설,한강
천 개의 파랑 :천선란 장편소설,지은이: 천선란
천하무적 개냥이 수사대,이승민 글 ;하민석 그림
파친코 :이민진 장편소설,이민진 지음 ;이미정 옮김
파친코 :이민진 장편소설,이민진 지음 ;이미정 옮김
팥빙수의 전설 :이지은 그림책,글·그림: 이지은
페인트 :이희영 장편소설,지은이: 이희영
풀꽃도 꽃이다 :조정래 장편소설,지은이: 조정래
피프티 피플 :정세랑 장편소설,지은이: 정세랑
하늘 100층짜리 집,글·그림: 이와이 도시오 ;옮김: 김숙
흔한남매,원작: 흔한남매 ;그림: 유난희
흔한남매,원작: 흔한남매 ;그림: 유난희
흔한남매,원작: 흔한남매 ;그림: 유난희
흔한남매,원작: 흔한남매 ;그림: 유난희
흔한남매,원작: 흔한남매 ;그림: 유난희
흔한남매,원작: 흔한남매 ;그림: 유난희
흔한남매,원작: 흔한남매 ;그림: 유난희
흔한남매,원작: 흔한남매 ;그림: 유난희
흔한남매,원작: 흔한남매 ;그림: 유난희
흔한남매,원작: 흔한남매 ;그림: 유난희
흔한남매,원작: 흔한남매 ;그림: 유난희
흔한남매,원작: 흔한남매 ;그림: 유난희
흔한남매,원작: 흔한남매 ;그림: 유난희
흔한남매 오해요 :귀염 뽀짝 부캐들과 펼치는 초단편 콩트 만화,원작: 흔한남매 ;그림: 유난희
흔한남매 이상한 나라의 고전 읽기,최재훈 글 ;정주연 그림
흔한남매 이상한 나라의 고전 읽기,최재훈 글 ;정주연 그림
(교과서 속 역사 이야기) 그림으로 보는 세계사,"글: 김현숙,윤유리"
(교양으로 읽는) 용선생 세계사,"글: 이희건,박기종"
(교양으로 읽는) 용선생 세계사,"글: 이희건,박기종"
(설민석의) 만만 한국사 :재미 만점★효과 만점★한국사 만화,"글: 설민석,그림: 김덕영"
(설민석의) 무도 한국사 특강,설민석 지음
(설민석의) 역사 고민 상담소 :역사 이야기로 고민을 해결하는 스토리텔링 한국사,"글: 설민석,정주연"
(설민석의) 통일 대모험,"글: 설민석,그림: 원프로"
(설민석의) 통일 대모험,"글: 설민석,그림: 원프로"
21세기를 위한 21가지 제언 :더 나은 오늘은 어떻게 가능한가,지은이: 유발 하라리 ;옮긴이: 전병근
Go go 카카오프렌즈 :세계 역사 문화 체험 학습만화,글: 김미영 ;정보글: 최은하
Go go 카카오프렌즈 :세계 역사 문화 체험 학습만화,글: 김미영 ;정보글: 최은하
Go go 카카오프렌즈 :세계 역사 문화 체험 학습만화,글: 김미영 ;정보글: 최은하
Go go 카카오프렌즈 :세계 역사 문화 체험 학습만화,글: 김미영 ;정보글: 최은하
Go go 카카오프렌즈 :세계 역사 문화 체험 학습만화,글: 김미영 ;정보글: 최은하
Go go 카카오프렌즈 :세계 역사 문화 체험 학습만화,글: 김미영 ;정보글: 최은하
Go go 카카오프렌즈 :세계 역사 문화 체험 학습만화,글: 김미영 ;정보글: 최은하
Go go 카카오프렌즈 :세계 역사 문화 체험 학습만화,글: 김미영 ;정보글: 최은하
Go go 카카오프렌즈 :세계 역사 문화 체험 학습만화,글: 김미영 ;정보글: 최은하
Go go 카카오프렌즈 :세계 역사 문화 체험 학습만화,글: 김미영 ;정보글: 최은하
Go go 카카오프렌즈 :세계 역사 문화 체험 학습만화,글: 김미영 ;정보글: 최은하
Go go 카카오프렌즈 :세계 역사 문화 체험 학습만화,글: 김미영 ;정보글: 최은하
Go go 카카오프렌즈 :세계 역사 문화 체험 학습만화,글: 김미영 ;정보글: 최은하
Go go 카카오프렌즈 :세계 역사 문화 체험 학습만화,글: 김미영 ;정보글: 최은하
Go go 카카오프렌즈 :세계 역사 문화 체험 학습만화,글: 김미영 ;정보글: 최은하
Go go 카카오프렌즈 :세계 역사 문화 체험 학습만화,글: 김미영 ;정보글: 최은하
Go go 카카오프렌즈 :세계 역사 문화 체험 학습만화,글: 김미영 ;정보글: 최은하
Go go 카카오프렌즈 :세계 역사 문화 체험 학습만화,글: 김미영 ;정보글: 최은하
Go go 카카오프렌즈 :세계 역사 문화 체험 학습만화,글: 김미영 ;정보글: 최은하
Go go 카카오프렌즈 :세계 역사 문화 체험 학습만화,글: 김미영 ;정보글: 최은하
Go go 카카오프렌즈 :세계 역사 문화 체험 학습만화,글: 김미영 ;정보글: 최은하
Go go 카카오프렌즈 :세계 역사 문화 체험 학습만화,글: 김미영 ;정보글: 최은하
Go go 카카오프렌즈 :세계 역사 문화 체험 학습만화,글: 김미영 ;정보글: 최은하
Go go 카카오프렌즈 :세계 역사 문화 체험 학습만화,글: 김미영 ;정보글: 최은하
Go go 카카오프렌즈 :세계 역사 문화 체험 학습만화,글: 김미영 ;정보글: 최은하
Go go 카카오프렌즈 :세계 역사 문화 체험 학습만화,글: 김미영 ;정보글: 최은하
Go go 카카오프렌즈 :세계 역사 문화 체험 학습만화,글: 김미영 ;정보글: 최은하
Go go 카카오프렌즈 :세계 역사 문화 체험 학습만화,글: 김미영 ;정보글: 최은하
Who? 김연아 =Kim Yuna,글: 오영석 ;그림: 라임 스튜디오
Who? 손흥민 =Son Heungmin,글: 강진희 ;그림: 김광일
Who? 유재석 =Yoo Jae-suk,글: 김성재 ;그림: 스튜디오 해닮
Why? 왕비이야기,글: 이근 ;그림: 극동만화연구소
Why? 왕자와공주,글: 이근 ;그림: 극동만화연구소
why? 신화와 전설,글: 박연아 ;그림: 극동만화연구소
거꾸로 읽는 세계사,유시민 지음
구해줘 카카오프렌즈 한국사 :큰★별쌤 최태성과 떠나는 한국사 대탐험,"글: 최태성,그림: 도니패밀리"
"나의 한국현대사 :1959-2014, 55년의 기록",유시민 지음
벌거벗은 세계사,"글: 이현희,최호정"
"사피엔스 :유인원에서 사이보그까지, 인간 역사의 대담하고 위대한 질문",지은이: 유발 하라리 ;옮긴이: 조현욱
설민석의 세계사 대모험,"글: 설민석,그림: 박성일"
설민석의 세계사 대모험,"글: 설민석,그림: 박성일"
설민석의 세계사 대모험,"글: 설민석,그림: 박성일"
설민석의 세계사 대모험,"글: 설민석,그림: 박성일"
설민석의 세계사 대모험,"글: 설민석,그림: 박성일"
설민석의 세계사 대모험,"글: 설민석,그림: 박성일"
설민석의 세계사 대모험,"글: 설민석,그림: 박성일"
설민석의 세계사 대모험,"글: 설민석,그림: 박성일"
설민석의 세계사 대모험,"글: 설민석,그림: 박성일"
설민석의 세계사 대모험,"글: 설민석,그림: 박성일"
설민석의 세계사 대모험,"글: 설민석,그림: 박성일"
설민석의 세계사 대모험,"글: 설민석,그림: 박성일"
설민석의 세계사 대모험,"글: 설민석,그림: 박성일"
설민석의 세계사 대모험,"글: 설민석,그림: 박성일"
설민석의 세계사 대모험,"글: 설민석,그림: 박성일"
설민석의 조선왕조실록 :대한민국이 선택한 역사 이야기,지은이: 설민석
설민석의 한국사 대모험,"글: 설민석,그림: 정현희"
설민석의 한국사 대모험,"글: 설민석,그림: 정현희"
설민석의 한국사 대모험,"글: 설민석,그림: 정현희"
설민석의 한국사 대모험,"글: 설민석,그림: 정현희"
설민석의 한국사 대모험,"글: 설민석,그림: 정현희"
설민석의 한국사 대모험,"글: 설민석,그림: 정현희"
설민석의 한국사 대모험,"글: 설민석,그림: 정현희"
설민석의 한국사 대모험,"글: 설민석,그림: 정현희"
설민석의 한국사 대모험,"글: 설민석,그림: 정현희"
설민석의 한국사 대모험,"글: 설민석,그림: 정현희"
설민석의 한국사 대모험,"글: 설민석,그림: 정현희"
설민석의 한국사 대모험,"글: 설민석,그림: 정현희"
설민석의 한국사 대모험,"글: 설민석,그림: 정현희"
설민석의 한국사 대모험,"글: 설민석,그림: 정현희"
설민석의 한국사 대모험,"글: 설민석,그림: 정현희"
설민석의 한국사 대모험,"글: 설민석,그림: 정현희"
설민석의 한국사 대모험,"글: 설민석,그림: 정현희"
설민석의 한국사 대모험,"글: 설민석,그림: 정현희"
설민석의 한국사 대모험,"글: 설민석,그림: 정현희"
설민석의 한국사 대모험,"글: 설민석,그림: 정현희"
설민석의 한국사 대모험,"글: 설민석,그림: 정현희"
설민석의 한국사 대모험,"글: 설민석,그림: 정현희"
설민석의 한국사 대모험,"글: 설민석,그림: 정현희"
설민석의 한국사 대모험,"글: 설민석,그림: 정현희"
설민석의 한국사 대모험,"글: 설민석,그림: 정현희"
식탁 위의 세계사,이영숙 지음
역사의 쓸모 :자유롭고 떳떳한 삶을 위한 22가지 통찰,최태성 지음
역사의 역사 =History of writing history,유시민 지음
용선생의 시끌벅적 한국사,그림: 이우일
용선생의 시끌벅적 한국사,그림: 이우일
유럽도시기행,지은이: 유시민
조선왕조실톡,무적핑크 지음 ;이한 해설
조선왕조실톡,무적핑크 지음 ;이한 해설
조선왕조실톡,무적핑크 지음 ;이한 해설
프랑스에서 보물찾기,김윤수
한국사 편지 :12살부터 읽는 책과 함께 역사편지,글: 박은봉 ;박지훈
